,zone_index,0
0,-1 Average Precision,
1,0 Average Precision,
2,1 Average Precision,0.002543412287959835
3,2 Average Precision,0.024668752582592084
4,3 Average Precision,0.035998815797520047
5,4 Average Precision,0.0
6,mAP,
7,-1 Recall,
8,0 Recall,
9,1 Recall,0.1111111111111111
10,2 Recall,0.137546468401487
11,3 Recall,0.10742496050552923
12,4 Recall,0.0
13,AR,
